Alabama, Alexander City, United States of America
Alabama, Andalusia, United States of America
Alabama, Anniston, United States of America
Alabama, Athens, United States of America
Alabama, Atmore, United States of America
Alabama, Auburn, United States of America
Alabama, Bessemer, United States of America
Alabama, Birmingham, United States of America
Alabama, Chickasaw, United States of America
Alabama, Clanton, United States of America
Alabama, Cullman, United States of America
Alabama, Decatur, United States of America
Alabama, Demopolis, United States of America
Alabama, Dothan, United States of America
Alabama, Enterprise, United States of America
Alabama, Eufaula, United States of America
Alabama, Florence, United States of America
Alabama, Fort Payne, United States of America
Alabama, Gadsden, United States of America
Alabama, Greenville, United States of America
Alabama, Guntersville, United States of America
Alabama, Huntsville, United States of America
Alabama, Jasper, United States of America
Alabama, Marion, United States of America
Alabama, Mobile, United States of America
Alabama, Montgomery, United States of America
Alabama, Opelika, United States of America
Alabama, Ozark, United States of America
Alabama, Phenix City, United States of America
Alabama, Prichard, United States of America
Alabama, Scottsboro, United States of America
Alabama, Selma, United States of America
Alabama, Sheffield, United States of America
Alabama, Sylacauga, United States of America
Alabama, Talladega, United States of America
Alabama, Troy, United States of America
Alabama, Tuscaloosa, United States of America
Alabama, Tuscumbia, United States of America
Alabama, Tuskegee, United States of America
Alaska, Anchorage, United States of America
Alaska, Cordova, United States of America
Alaska, Fairbanks, United States of America
Alaska, Haines, United States of America
Alaska, Homer, United States of America
Alaska, Juneau, United States of America
Alaska, Ketchikan, United States of America
Alaska, Kodiak, United States of America
Alaska, Kotzebue, United States of America
Alaska, Nome, United States of America
Alaska, Palmer, United States of America
Alaska, Seward, United States of America
Alaska, Sitka, United States of America
Alaska, Skagway, United States of America
Alaska, Valdez, United States of America
Arizona, Ajo, United States of America
Arizona, Avondale, United States of America
Arizona, Bisbee, United States of America
Arizona, Casa Grande, United States of America
Arizona, Chandler, United States of America
Arizona, Clifton, United States of America
Arizona, Douglas, United States of America
Arizona, Flagstaff, United States of America
Arizona, Florence, United States of America
Arizona, Gila Bend, United States of America
Arizona, Glendale, United States of America
Arizona, Globe, United States of America
Arizona, Kingman, United States of America
Arizona, Lake Havasu City, United States of America
Arizona, Mesa, United States of America
Arizona, Nogales, United States of America
Arizona, Oraibi, United States of America
Arizona, Phoenix, United States of America
Arizona, Prescott, United States of America
Arizona, Scottsdale, United States of America
Arizona, Sierra Vista, United States of America
Arizona, Tempe, United States of America
Arizona, Tombstone, United States of America
Arizona, Tucson, United States of America
Arizona, Walpi, United States of America
Arizona, Window Rock, United States of America
Arizona, Winslow, United States of America
Arizona, Yuma, United States of America
Arkansas, Arkadelphia, United States of America
Arkansas, Arkansas Post, United States of America
Arkansas, Batesville, United States of America
Arkansas, Benton, United States of America
Arkansas, Blytheville, United States of America
Arkansas, Camden, United States of America
Arkansas, Conway, United States of America
Arkansas, Crossett, United States of America
Arkansas, El Dorado, United States of America
Arkansas, Fayetteville, United States of America
Arkansas, Forrest City, United States of America
Arkansas, Fort Smith, United States of America
Arkansas, Harrison, United States of America
Arkansas, Helena, United States of America
Arkansas, Hope, United States of America
Arkansas, Hot Springs, United States of America
Arkansas, Jacksonville, United States of America
Arkansas, Jonesboro, United States of America
Arkansas, Little Rock, United States of America
Arkansas, Magnolia, United States of America
Arkansas, Morrilton, United States of America
Arkansas, Newport, United States of America
Arkansas, North Little Rock, United States of America
Arkansas, Osceola, United States of America
Arkansas, Pine Bluff, United States of America
Arkansas, Rogers, United States of America
Arkansas, Searcy, United States of America
Arkansas, Stuttgart, United States of America
Arkansas, Van Buren, United States of America
Arkansas, West Memphis, United States of America
California, Alameda, United States of America
California, Alhambra, United States of America
California, Anaheim, United States of America
California, Antioch, United States of America
California, Arcadia, United States of America
California, Bakersfield, United States of America
California, Barstow, United States of America
California, Belmont, United States of America
California, Berkeley, United States of America
California, Beverly Hills, United States of America
California, Brea, United States of America
California, Buena Park, United States of America
California, Burbank, United States of America
California, Calexico, United States of America
California, Calistoga, United States of America
California, Carlsbad, United States of America
California, Carmel, United States of America
California, Chico, United States of America
California, Chula Vista, United States of America
California, Claremont, United States of America
California, Compton, United States of America
California, Concord, United States of America
California, Corona, United States of America
California, Coronado, United States of America
California, Costa Mesa, United States of America
California, Culver City, United States of America
California, Daly City, United States of America
California, Davis, United States of America
California, Downey, United States of America
California, El Centro, United States of America
California, El Cerrito, United States of America
California, El Monte, United States of America
California, Escondido, United States of America
California, Eureka, United States of America
California, Fairfield, United States of America
California, Fontana, United States of America
California, Fremont, United States of America
California, Fresno, United States of America
California, Fullerton, United States of America
California, Garden Grove, United States of America
California, Glendale, United States of America
California, Hayward, United States of America
California, Hollywood, United States of America
California, Huntington Beach, United States of America
California, Indio, United States of America
California, Inglewood, United States of America
California, Irvine, United States of America
California, La Habra, United States of America
California, Laguna Beach, United States of America
California, Lancaster, United States of America
California, Livermore, United States of America
California, Lodi, United States of America
California, Lompoc, United States of America
California, Long Beach, United States of America
California, Los Angeles, United States of America
California, Malibu, United States of America
California, Martinez, United States of America
California, Marysville, United States of America
California, Menlo Park, United States of America
California, Merced, United States of America
California, Modesto, United States of America
California, Monterey, United States of America
California, Mountain View, United States of America
California, Napa, United States of America
California, Needles, United States of America
California, Newport Beach, United States of America
California, Norwalk, United States of America
California, Novato, United States of America
California, Oakland, United States of America
California, Oceanside, United States of America
California, Ojai, United States of America
California, Ontario, United States of America
California, Orange, United States of America
California, Oroville, United States of America
California, Oxnard, United States of America
California, Pacific Grove, United States of America
California, Palm Springs, United States of America
California, Palmdale, United States of America
California, Palo Alto, United States of America
California, Pasadena, United States of America
California, Petaluma, United States of America
California, Pomona, United States of America
California, Port Hueneme, United States of America
California, Rancho Cucamonga, United States of America
California, Red Bluff, United States of America
California, Redding, United States of America
California, Redlands, United States of America
California, Redondo Beach, United States of America
California, Redwood City, United States of America
California, Richmond, United States of America
California, Riverside, United States of America
California, Roseville, United States of America
California, Sacramento, United States of America
California, Salinas, United States of America
California, San Bernardino, United States of America
California, San Clemente, United States of America
California, San Diego, United States of America
California, San Fernando, United States of America
California, San Francisco, United States of America
California, San Gabriel, United States of America
California, San Jose, United States of America
California, San Juan Capistrano, United States of America
California, San Leandro, United States of America
California, San Luis Obispo, United States of America
California, San Marino, United States of America
California, San Mateo, United States of America
California, San Pedro, United States of America
California, San Rafael, United States of America
California, San Simeon, United States of America
California, Santa Ana, United States of America
California, Santa Barbara, United States of America
California, Santa Clara, United States of America
California, Santa Clarita, United States of America
California, Santa Cruz, United States of America
California, Santa Monica, United States of America
California, Santa Rosa, United States of America
California, Sausalito, United States of America
California, Simi Valley, United States of America
California, Sonoma, United States of America
California, South San Francisco, United States of America
California, Stockton, United States of America
California, Sunnyvale, United States of America
California, Susanville, United States of America
California, Thousand Oaks, United States of America
California, Torrance, United States of America
California, Turlock, United States of America
California, Ukiah, United States of America
California, Vallejo, United States of America
California, Ventura, United States of America
California, Victorville, United States of America
California, Visalia, United States of America
California, Walnut Creek, United States of America
California, Watts, United States of America
California, West Covina, United States of America
California, Whittier, United States of America
California, Woodland, United States of America
California, Yorba Linda, United States of America
California, Yuba City, United States of America
Colorado, Alamosa, United States of America
Colorado, Aspen, United States of America
Colorado, Aurora, United States of America
Colorado, Boulder, United States of America
Colorado, Breckenridge, United States of America
Colorado, Brighton, United States of America
Colorado, Canon City, United States of America
Colorado, Central City, United States of America
Colorado, Climax, United States of America
Colorado, Colorado Springs, United States of America
Colorado, Cortez, United States of America
Colorado, Cripple Creek, United States of America
Colorado, Denver, United States of America
Colorado, Durango, United States of America
Colorado, Englewood, United States of America
Colorado, Estes Park, United States of America
Colorado, Fort Collins, United States of America
Colorado, Fort Morgan, United States of America
Colorado, Georgetown, United States of America
Colorado, Glenwood Springs, United States of America
Colorado, Golden, United States of America
Colorado, Grand Junction, United States of America
Colorado, Greeley, United States of America
Colorado, Gunnison, United States of America
Colorado, La Junta, United States of America
Colorado, Leadville, United States of America
Colorado, Littleton, United States of America
Colorado, Longmont, United States of America
Colorado, Loveland, United States of America
Colorado, Montrose, United States of America
Colorado, Ouray, United States of America
Colorado, Pagosa Springs, United States of America
Colorado, Pueblo, United States of America
Colorado, Silverton, United States of America
Colorado, Steamboat Springs, United States of America
Colorado, Sterling, United States of America
Colorado, Telluride, United States of America
Colorado, Trinidad, United States of America
Colorado, Vail, United States of America
Colorado, Walsenburg, United States of America
Colorado, Westminster, United States of America
Connecticut, Ansonia, United States of America
Connecticut, Berlin, United States of America
Connecticut, Bloomfield, United States of America
Connecticut, Branford, United States of America
Connecticut, Bridgeport, United States of America
Connecticut, Bristol, United States of America
Connecticut, Coventry, United States of America
Connecticut, Danbury, United States of America
Connecticut, Darien, United States of America
Connecticut, Derby, United States of America
Connecticut, East Hartford, United States of America
Connecticut, East Haven, United States of America
Connecticut, Enfield, United States of America
Connecticut, Fairfield, United States of America
Connecticut, Farmington, United States of America
Connecticut, Greenwich, United States of America
Connecticut, Groton, United States of America
Connecticut, Guilford, United States of America
Connecticut, Hamden, United States of America
Connecticut, Hartford, United States of America
Connecticut, Lebanon, United States of America
Connecticut, Litchfield, United States of America
Connecticut, Manchester, United States of America
Connecticut, Mansfield, United States of America
Connecticut, Meriden, United States of America
Connecticut, Middletown, United States of America
Connecticut, Milford, United States of America
Connecticut, Mystic, United States of America
Connecticut, Naugatuck, United States of America
Connecticut, New Britain, United States of America
Connecticut, New Haven, United States of America
Connecticut, New London, United States of America
Connecticut, North Haven, United States of America
Connecticut, Norwalk, United States of America
Connecticut, Norwich, United States of America
Connecticut, Old Saybrook, United States of America
Connecticut, Orange, United States of America
Connecticut, Seymour, United States of America
Connecticut, Shelton, United States of America
Connecticut, Simsbury, United States of America
Connecticut, Southington, United States of America
Connecticut, Stamford, United States of America
Connecticut, Stonington, United States of America
Connecticut, Stratford, United States of America
Connecticut, Torrington, United States of America
Connecticut, Wallingford, United States of America
Connecticut, Waterbury, United States of America
Connecticut, Waterford, United States of America
Connecticut, Watertown, United States of America
Connecticut, West Hartford, United States of America
Connecticut, West Haven, United States of America
Connecticut, Westport, United States of America
Connecticut, Wethersfield, United States of America
Connecticut, Willimantic, United States of America
Connecticut, Windham, United States of America
Connecticut, Windsor, United States of America
Connecticut, Windsor Locks, United States of America
Connecticut, Winsted, United States of America
Delaware, Dover, United States of America
Delaware, Lewes, United States of America
Delaware, Milford, United States of America
Delaware, New Castle, United States of America
Delaware, Newark, United States of America
Delaware, Smyrna, United States of America
Delaware, Wilmington, United States of America
Florida, Apalachicola, United States of America
Florida, Bartow, United States of America
Florida, Belle Glade, United States of America
Florida, Boca Raton, United States of America
Florida, Bradenton, United States of America
Florida, Cape Coral, United States of America
Florida, Clearwater, United States of America
Florida, Cocoa Beach, United States of America
Florida, Cocoa-Rockledge, United States of America
Florida, Coral Gables, United States of America
Florida, Daytona Beach, United States of America
Florida, De Land, United States of America
Florida, Deerfield Beach, United States of America
Florida, Delray Beach, United States of America
Florida, Fernandina Beach, United States of America
Florida, Fort Lauderdale, United States of America
Florida, Fort Myers, United States of America
Florida, Fort Pierce, United States of America
Florida, Fort Walton Beach, United States of America
Florida, Gainesville, United States of America
Florida, Hallandale Beach, United States of America
Florida, Hialeah, United States of America
Florida, Hollywood, United States of America
Florida, Homestead, United States of America
Florida, Jacksonville, United States of America
Florida, Key West, United States of America
Florida, Lake City, United States of America
Florida, Lake Wales, United States of America
Florida, Lakeland, United States of America
Florida, Largo, United States of America
Florida, Melbourne, United States of America
Florida, Miami, United States of America
Florida, Miami Beach, United States of America
Florida, Naples, United States of America
Florida, New Smyrna Beach, United States of America
Florida, Ocala, United States of America
Florida, Orlando, United States of America
Florida, Ormond Beach, United States of America
Florida, Palatka, United States of America
Florida, Palm Bay, United States of America
Florida, Palm Beach, United States of America
Florida, Panama City, United States of America
Florida, Pensacola, United States of America
Florida, Pompano Beach, United States of America
Florida, Saint Augustine, United States of America
Florida, Saint Petersburg, United States of America
Florida, Sanford, United States of America
Florida, Sarasota, United States of America
Florida, Sebring, United States of America
Florida, Tallahassee, United States of America
Florida, Tampa, United States of America
Florida, Tarpon Springs, United States of America
Florida, Titusville, United States of America
Florida, Venice, United States of America
Florida, West Palm Beach, United States of America
Florida, White Springs, United States of America
Florida, Winter Haven, United States of America
Florida, Winter Park, United States of America
Georgia, Albany, United States of America
Georgia, Americus, United States of America
Georgia, Andersonville, United States of America
Georgia, Athens, United States of America
Georgia, Atlanta, United States of America
Georgia, Augusta, United States of America
Georgia, Bainbridge, United States of America
Georgia, Blairsville, United States of America
Georgia, Brunswick, United States of America
Georgia, Calhoun, United States of America
Georgia, Carrollton, United States of America
Georgia, Columbus, United States of America
Georgia, Dahlonega, United States of America
Georgia, Dalton, United States of America
Georgia, Darien, United States of America
Georgia, Decatur, United States of America
Georgia, Douglas, United States of America
Georgia, East Point, United States of America
Georgia, Fitzgerald, United States of America
Georgia, Fort Valley, United States of America
Georgia, Gainesville, United States of America
Georgia, La Grange, United States of America
Georgia, Macon, United States of America
Georgia, Marietta, United States of America
Georgia, Milledgeville, United States of America
Georgia, Plains, United States of America
Georgia, Rome, United States of America
Georgia, Savannah, United States of America
Georgia, Toccoa, United States of America
Georgia, Valdosta, United States of America
Georgia, Warm Springs, United States of America
Georgia, Warner Robins, United States of America
Georgia, Washington, United States of America
Georgia, Waycross, United States of America
Hawaii, Hanalei, United States of America
Hawaii, Hilo, United States of America
Hawaii, Honaunau, United States of America
Hawaii, Honolulu, United States of America
Hawaii, Kahului, United States of America
Hawaii, Kaneohe, United States of America
Hawaii, Kapaa, United States of America
Hawaii, Kawaihae, United States of America
Hawaii, Lahaina, United States of America
Hawaii, Laie, United States of America
Hawaii, Wahiawa, United States of America
Hawaii, Wailuku, United States of America
Hawaii, Waimea, United States of America
Idaho, Blackfoot, United States of America
Idaho, Boise, United States of America
Idaho, Bonners Ferry, United States of America
Idaho, Caldwell, United States of America
Idaho, Coeur d’Alene, United States of America
Idaho, Idaho City, United States of America
Idaho, Idaho Falls, United States of America
Idaho, Kellogg, United States of America
Idaho, Lewiston, United States of America
Idaho, Moscow, United States of America
Idaho, Nampa, United States of America
Idaho, Pocatello, United States of America
Idaho, Priest River, United States of America
Idaho, Rexburg, United States of America
Idaho, Sun Valley, United States of America
Idaho, Twin Falls, United States of America
Illinois, Alton, United States of America
Illinois, Arlington Heights, United States of America
Illinois, Arthur, United States of America
Illinois, Aurora, United States of America
Illinois, Belleville, United States of America
Illinois, Belvidere, United States of America
Illinois, Bloomington, United States of America
Illinois, Brookfield, United States of America
Illinois, Cahokia, United States of America
Illinois, Cairo, United States of America
Illinois, Calumet City, United States of America
Illinois, Canton, United States of America
Illinois, Carbondale, United States of America
Illinois, Carlinville, United States of America
Illinois, Carthage, United States of America
Illinois, Centralia, United States of America
Illinois, Champaign, United States of America
Illinois, Charleston, United States of America
Illinois, Chester, United States of America
Illinois, Chicago, United States of America
Illinois, Chicago Heights, United States of America
Illinois, Cicero, United States of America
Illinois, Collinsville, United States of America
Illinois, Danville, United States of America
Illinois, Decatur, United States of America
Illinois, DeKalb, United States of America
Illinois, Des Plaines, United States of America
Illinois, Dixon, United States of America
Illinois, East Moline, United States of America
Illinois, East Saint Louis, United States of America
Illinois, Effingham, United States of America
Illinois, Elgin, United States of America
Illinois, Elmhurst, United States of America
Illinois, Evanston, United States of America
Illinois, Freeport, United States of America
Illinois, Galena, United States of America
Illinois, Galesburg, United States of America
Illinois, Glen Ellyn, United States of America
Illinois, Glenview, United States of America
Illinois, Granite City, United States of America
Illinois, Harrisburg, United States of America
Illinois, Herrin, United States of America
Illinois, Highland Park, United States of America
Illinois, Jacksonville, United States of America
Illinois, Joliet, United States of America
Illinois, Kankakee, United States of America
Illinois, Kaskaskia, United States of America
Illinois, Kewanee, United States of America
Illinois, La Salle, United States of America
Illinois, Lake Forest, United States of America
Illinois, Libertyville, United States of America
Illinois, Lincoln, United States of America
Illinois, Lisle, United States of America
Illinois, Lombard, United States of America
Illinois, Macomb, United States of America
Illinois, Mattoon, United States of America
Illinois, Moline, United States of America
Illinois, Monmouth, United States of America
Illinois, Mount Vernon, United States of America
Illinois, Mundelein, United States of America
Illinois, Naperville, United States of America
Illinois, Nauvoo, United States of America
Illinois, Normal, United States of America
Illinois, North Chicago, United States of America
Illinois, Oak Park, United States of America
Illinois, Oregon, United States of America
Illinois, Ottawa, United States of America
Illinois, Palatine, United States of America
Illinois, Park Forest, United States of America
Illinois, Park Ridge, United States of America
Illinois, Pekin, United States of America
Illinois, Peoria, United States of America
Illinois, Petersburg, United States of America
Illinois, Pontiac, United States of America
Illinois, Quincy, United States of America
Illinois, Rantoul, United States of America
Illinois, River Forest, United States of America
Illinois, Rock Island, United States of America
Illinois, Rockford, United States of America
Illinois, Salem, United States of America
Illinois, Shawneetown, United States of America
Illinois, Skokie, United States of America
Illinois, South Holland, United States of America
Illinois, Springfield, United States of America
Illinois, Streator, United States of America
Illinois, Summit, United States of America
Illinois, Urbana, United States of America
Illinois, Vandalia, United States of America
Illinois, Virden, United States of America
Illinois, Waukegan, United States of America
Illinois, Wheaton, United States of America
Illinois, Wilmette, United States of America
Illinois, Winnetka, United States of America
Illinois, Wood River, United States of America
Illinois, Zion, United States of America
Indiana, Anderson, United States of America
Indiana, Bedford, United States of America
Indiana, Bloomington, United States of America
Indiana, Columbus, United States of America
Indiana, Connersville, United States of America
Indiana, Corydon, United States of America
Indiana, Crawfordsville, United States of America
Indiana, East Chicago, United States of America
Indiana, Elkhart, United States of America
Indiana, Elwood, United States of America
Indiana, Evansville, United States of America
Indiana, Fort Wayne, United States of America
Indiana, French Lick, United States of America
Indiana, Gary, United States of America
Indiana, Geneva, United States of America
Indiana, Goshen, United States of America
Indiana, Greenfield, United States of America
Indiana, Hammond, United States of America
Indiana, Hobart, United States of America
Indiana, Huntington, United States of America
Indiana, Indianapolis, United States of America
Indiana, Jeffersonville, United States of America
Indiana, Kokomo, United States of America
Indiana, Lafayette, United States of America
Indiana, Madison, United States of America
Indiana, Marion, United States of America
Indiana, Michigan City, United States of America
Indiana, Mishawaka, United States of America
Indiana, Muncie, United States of America
Indiana, Nappanee, United States of America
Indiana, Nashville, United States of America
Indiana, New Albany, United States of America
Indiana, New Castle, United States of America
Indiana, New Harmony, United States of America
Indiana, Peru, United States of America
Indiana, Plymouth, United States of America
Indiana, Richmond, United States of America
Indiana, Santa Claus, United States of America
Indiana, Shelbyville, United States of America
Indiana, South Bend, United States of America
Indiana, Terre Haute, United States of America
Indiana, Valparaiso, United States of America
Indiana, Vincennes, United States of America
Indiana, Wabash, United States of America
Indiana, West Lafayette, United States of America
Iowa, Amana Colonies, United States of America
Iowa, Ames, United States of America
Iowa, Boone, United States of America
Iowa, Burlington, United States of America
Iowa, Cedar Falls, United States of America
Iowa, Cedar Rapids, United States of America
Iowa, Charles City, United States of America
Iowa, Cherokee, United States of America
Iowa, Clinton, United States of America
Iowa, Council Bluffs, United States of America
Iowa, Davenport, United States of America
Iowa, Des Moines, United States of America
Iowa, Dubuque, United States of America
Iowa, Estherville, United States of America
Iowa, Fairfield, United States of America
Iowa, Fort Dodge, United States of America
Iowa, Grinnell, United States of America
Iowa, Indianola, United States of America
Iowa, Iowa City, United States of America
Iowa, Keokuk, United States of America
Iowa, Mason City, United States of America
Iowa, Mount Pleasant, United States of America
Iowa, Muscatine, United States of America
Iowa, Newton, United States of America
Iowa, Oskaloosa, United States of America
Iowa, Ottumwa, United States of America
Iowa, Sioux City, United States of America
Iowa, Waterloo, United States of America
Iowa, Webster City, United States of America
Iowa, West Des Moines, United States of America
Kansas, Abilene, United States of America
Kansas, Arkansas City, United States of America
Kansas, Atchison, United States of America
Kansas, Chanute, United States of America
Kansas, Coffeyville, United States of America
Kansas, Council Grove, United States of America
Kansas, Dodge City, United States of America
Kansas, Emporia, United States of America
Kansas, Fort Scott, United States of America
Kansas, Garden City, United States of America
Kansas, Great Bend, United States of America
Kansas, Hays, United States of America
Kansas, Hutchinson, United States of America
Kansas, Independence, United States of America
Kansas, Junction City, United States of America
Kansas, Kansas City, United States of America
Kansas, Lawrence, United States of America
Kansas, Leavenworth, United States of America
Kansas, Liberal, United States of America
Kansas, Manhattan, United States of America
Kansas, McPherson, United States of America
Kansas, Medicine Lodge, United States of America
Kansas, Newton, United States of America
Kansas, Olathe, United States of America
Kansas, Osawatomie, United States of America
Kansas, Ottawa, United States of America
Kansas, Overland Park, United States of America
Kansas, Pittsburg, United States of America
Kansas, Salina, United States of America
Kansas, Shawnee, United States of America
Kansas, Smith Center, United States of America
Kansas, Topeka, United States of America
Kansas, Wichita, United States of America
Kentucky, Ashland, United States of America
Kentucky, Barbourville, United States of America
Kentucky, Bardstown, United States of America
Kentucky, Berea, United States of America
Kentucky, Boonesborough, United States of America
Kentucky, Bowling Green, United States of America
Kentucky, Campbellsville, United States of America
Kentucky, Covington, United States of America
Kentucky, Danville, United States of America
Kentucky, Elizabethtown, United States of America
Kentucky, Frankfort, United States of America
Kentucky, Harlan, United States of America
Kentucky, Harrodsburg, United States of America
Kentucky, Hazard, United States of America
Kentucky, Henderson, United States of America
Kentucky, Hodgenville, United States of America
Kentucky, Hopkinsville, United States of America
Kentucky, Lexington, United States of America
Kentucky, Louisville, United States of America
Kentucky, Mayfield, United States of America
Kentucky, Maysville, United States of America
Kentucky, Middlesboro, United States of America
Kentucky, Newport, United States of America
Kentucky, Owensboro, United States of America
Kentucky, Paducah, United States of America
Kentucky, Paris, United States of America
Kentucky, Richmond, United States of America
Louisiana, Abbeville, United States of America
Louisiana, Alexandria, United States of America
Louisiana, Bastrop, United States of America
Louisiana, Baton Rouge, United States of America
Louisiana, Bogalusa, United States of America
Louisiana, Bossier City, United States of America
Louisiana, Gretna, United States of America
Louisiana, Houma, United States of America
Louisiana, Lafayette, United States of America
Louisiana, Lake Charles, United States of America
Louisiana, Monroe, United States of America
Louisiana, Morgan City, United States of America
Louisiana, Natchitoches, United States of America
Louisiana, New Iberia, United States of America
Louisiana, New Orleans, United States of America
Louisiana, Opelousas, United States of America
Louisiana, Ruston, United States of America
Louisiana, Saint Martinville, United States of America
Louisiana, Shreveport, United States of America
Louisiana, Thibodaux, United States of America
Maine, Auburn, United States of America
Maine, Augusta, United States of America
Maine, Bangor, United States of America
Maine, Bar Harbor, United States of America
Maine, Bath, United States of America
Maine, Belfast, United States of America
Maine, Biddeford, United States of America
Maine, Boothbay Harbor, United States of America
Maine, Brunswick, United States of America
Maine, Calais, United States of America
Maine, Caribou, United States of America
Maine, Castine, United States of America
Maine, Eastport, United States of America
Maine, Ellsworth, United States of America
Maine, Farmington, United States of America
Maine, Fort Kent, United States of America
Maine, Gardiner, United States of America
Maine, Houlton, United States of America
Maine, Kennebunkport, United States of America
Maine, Kittery, United States of America
Maine, Lewiston, United States of America
Maine, Lubec, United States of America
Maine, Machias, United States of America
Maine, Orono, United States of America
Maine, Portland, United States of America
Maine, Presque Isle, United States of America
Maine, Rockland, United States of America
Maine, Rumford, United States of America
Maine, Saco, United States of America
Maine, Scarborough, United States of America
Maine, Waterville, United States of America
Maine, York, United States of America
Maryland, Aberdeen, United States of America
Maryland, Annapolis, United States of America
Maryland, Baltimore, United States of America
Maryland, Bethesda-Chevy Chase, United States of America
Maryland, Bowie, United States of America
Maryland, Cambridge, United States of America
Maryland, Catonsville, United States of America
Maryland, College Park, United States of America
Maryland, Columbia, United States of America
Maryland, Cumberland, United States of America
Maryland, Easton, United States of America
Maryland, Elkton, United States of America
Maryland, Emmitsburg, United States of America
Maryland, Frederick, United States of America
Maryland, Greenbelt, United States of America
Maryland, Hagerstown, United States of America
Maryland, Hyattsville, United States of America
Maryland, Laurel, United States of America
Maryland, Oakland, United States of America
Maryland, Ocean City, United States of America
Maryland, Rockville, United States of America
Maryland, Saint Marys City, United States of America
Maryland, Salisbury, United States of America
Maryland, Silver Spring, United States of America
Maryland, Takoma Park, United States of America
Maryland, Towson, United States of America
Maryland, Westminster, United States of America
Massachusetts, Abington, United States of America
Massachusetts, Adams, United States of America
Massachusetts, Amesbury, United States of America
Massachusetts, Amherst, United States of America
Massachusetts, Andover, United States of America
Massachusetts, Arlington, United States of America
Massachusetts, Athol, United States of America
Massachusetts, Attleboro, United States of America
Massachusetts, Barnstable, United States of America
Massachusetts, Bedford, United States of America
Massachusetts, Beverly, United States of America
Massachusetts, Boston, United States of America
Massachusetts, Bourne, United States of America
Massachusetts, Braintree, United States of America
Massachusetts, Brockton, United States of America
Massachusetts, Brookline, United States of America
Massachusetts, Cambridge, United States of America
Massachusetts, Canton, United States of America
Massachusetts, Charlestown, United States of America
Massachusetts, Chelmsford, United States of America
Massachusetts, Chelsea, United States of America
Massachusetts, Chicopee, United States of America
Massachusetts, Clinton, United States of America
Massachusetts, Cohasset, United States of America
Massachusetts, Concord, United States of America
Massachusetts, Danvers, United States of America
Massachusetts, Dartmouth, United States of America
Massachusetts, Dedham, United States of America
Massachusetts, Dennis, United States of America
Massachusetts, Duxbury, United States of America
Massachusetts, Eastham, United States of America
Massachusetts, Edgartown, United States of America
Massachusetts, Everett, United States of America
Massachusetts, Fairhaven, United States of America
Massachusetts, Fall River, United States of America
Massachusetts, Falmouth, United States of America
Massachusetts, Fitchburg, United States of America
Massachusetts, Framingham, United States of America
Massachusetts, Gloucester, United States of America
Massachusetts, Great Barrington, United States of America
Massachusetts, Greenfield, United States of America
Massachusetts, Groton, United States of America
Massachusetts, Harwich, United States of America
Massachusetts, Haverhill, United States of America
Massachusetts, Hingham, United States of America
Massachusetts, Holyoke, United States of America
Massachusetts, Hyannis, United States of America
Massachusetts, Ipswich, United States of America
Massachusetts, Lawrence, United States of America
Massachusetts, Lenox, United States of America
Massachusetts, Leominster, United States of America
Massachusetts, Lexington, United States of America
Massachusetts, Lowell, United States of America
Massachusetts, Ludlow, United States of America
Massachusetts, Lynn, United States of America
Massachusetts, Malden, United States of America
Massachusetts, Marblehead, United States of America
Massachusetts, Marlborough, United States of America
Massachusetts, Medford, United States of America
Massachusetts, Milton, United States of America
Massachusetts, Nahant, United States of America
Massachusetts, Natick, United States of America
Massachusetts, New Bedford, United States of America
Massachusetts, Newburyport, United States of America
Massachusetts, Newton, United States of America
Massachusetts, North Adams, United States of America
Massachusetts, Northampton, United States of America
Massachusetts, Norton, United States of America
Massachusetts, Norwood, United States of America
Massachusetts, Peabody, United States of America
Massachusetts, Pittsfield, United States of America
Massachusetts, Plymouth, United States of America
Massachusetts, Provincetown, United States of America
Massachusetts, Quincy, United States of America
Massachusetts, Randolph, United States of America
Massachusetts, Revere, United States of America
Massachusetts, Salem, United States of America
Massachusetts, Sandwich, United States of America
Massachusetts, Saugus, United States of America
Massachusetts, Somerville, United States of America
Massachusetts, South Hadley, United States of America
Massachusetts, Springfield, United States of America
Massachusetts, Stockbridge, United States of America
Massachusetts, Stoughton, United States of America
Massachusetts, Sturbridge, United States of America
Massachusetts, Sudbury, United States of America
Massachusetts, Taunton, United States of America
Massachusetts, Tewksbury, United States of America
Massachusetts, Truro, United States of America
Massachusetts, Watertown, United States of America
Massachusetts, Webster, United States of America
Massachusetts, Wellesley, United States of America
Massachusetts, Wellfleet, United States of America
Massachusetts, West Bridgewater, United States of America
Massachusetts, West Springfield, United States of America
Massachusetts, Westfield, United States of America
Massachusetts, Weymouth, United States of America
Massachusetts, Whitman, United States of America
Massachusetts, Williamstown, United States of America
Massachusetts, Woburn, United States of America
Massachusetts, Woods Hole, United States of America
Massachusetts, Worcester, United States of America
Michigan, Adrian, United States of America
Michigan, Alma, United States of America
Michigan, Ann Arbor, United States of America
Michigan, Battle Creek, United States of America
Michigan, Bay City, United States of America
Michigan, Benton Harbor, United States of America
Michigan, Bloomfield Hills, United States of America
Michigan, Cadillac, United States of America
Michigan, Charlevoix, United States of America
Michigan, Cheboygan, United States of America
Michigan, Dearborn, United States of America
Michigan, Detroit, United States of America
Michigan, East Lansing, United States of America
Michigan, Eastpointe, United States of America
Michigan, Ecorse, United States of America
Michigan, Escanaba, United States of America
Michigan, Flint, United States of America
Michigan, Grand Haven, United States of America
Michigan, Grand Rapids, United States of America
Michigan, Grayling, United States of America
Michigan, Grosse Pointe, United States of America
Michigan, Hancock, United States of America
Michigan, Highland Park, United States of America
Michigan, Holland, United States of America
Michigan, Houghton, United States of America
Michigan, Interlochen, United States of America
Michigan, Iron Mountain, United States of America
Michigan, Ironwood, United States of America
Michigan, Ishpeming, United States of America
Michigan, Jackson, United States of America
Michigan, Kalamazoo, United States of America
Michigan, Lansing, United States of America
Michigan, Livonia, United States of America
Michigan, Ludington, United States of America
Michigan, Mackinaw City, United States of America
Michigan, Manistee, United States of America
Michigan, Marquette, United States of America
Michigan, Menominee, United States of America
Michigan, Midland, United States of America
Michigan, Monroe, United States of America
Michigan, Mount Clemens, United States of America
Michigan, Mount Pleasant, United States of America
Michigan, Muskegon, United States of America
Michigan, Niles, United States of America
Michigan, Petoskey, United States of America
Michigan, Pontiac, United States of America
Michigan, Port Huron, United States of America
Michigan, Royal Oak, United States of America
Michigan, Saginaw, United States of America
Michigan, Saint Ignace, United States of America
Michigan, Saint Joseph, United States of America
Michigan, Sault Sainte Marie, United States of America
Michigan, Traverse City, United States of America
Michigan, Trenton, United States of America
Michigan, Warren, United States of America
Michigan, Wyandotte, United States of America
Michigan, Ypsilanti, United States of America
Minnesota, Albert Lea, United States of America
Minnesota, Alexandria, United States of America
Minnesota, Austin, United States of America
Minnesota, Bemidji, United States of America
Minnesota, Bloomington, United States of America
Minnesota, Brainerd, United States of America
Minnesota, Crookston, United States of America
Minnesota, Duluth, United States of America
Minnesota, Ely, United States of America
Minnesota, Eveleth, United States of America
Minnesota, Faribault, United States of America
Minnesota, Fergus Falls, United States of America
Minnesota, Hastings, United States of America
Minnesota, Hibbing, United States of America
Minnesota, International Falls, United States of America
Minnesota, Little Falls, United States of America
Minnesota, Mankato, United States of America
Minnesota, Minneapolis, United States of America
Minnesota, Moorhead, United States of America
Minnesota, New Ulm, United States of America
Minnesota, Northfield, United States of America
Minnesota, Owatonna, United States of America
Minnesota, Pipestone, United States of America
Minnesota, Red Wing, United States of America
Minnesota, Rochester, United States of America
Minnesota, Saint Cloud, United States of America
Minnesota, Saint Paul, United States of America
Minnesota, Sauk Centre, United States of America
Minnesota, South Saint Paul, United States of America
Minnesota, Stillwater, United States of America
Minnesota, Virginia, United States of America
Minnesota, Willmar, United States of America
Minnesota, Winona, United States of America
Mississippi, Bay Saint Louis, United States of America
Mississippi, Biloxi, United States of America
Mississippi, Canton, United States of America
Mississippi, Clarksdale, United States of America
Mississippi, Columbia, United States of America
Mississippi, Columbus, United States of America
Mississippi, Corinth, United States of America
Mississippi, Greenville, United States of America
Mississippi, Greenwood, United States of America
Mississippi, Grenada, United States of America
Mississippi, Gulfport, United States of America
Mississippi, Hattiesburg, United States of America
Mississippi, Holly Springs, United States of America
Mississippi, Jackson, United States of America
Mississippi, Laurel, United States of America
Mississippi, Meridian, United States of America
Mississippi, Natchez, United States of America
Mississippi, Ocean Springs, United States of America
Mississippi, Oxford, United States of America
Mississippi, Pascagoula, United States of America
Mississippi, Pass Christian, United States of America
Mississippi, Philadelphia, United States of America
Mississippi, Port Gibson, United States of America
Mississippi, Starkville, United States of America
Mississippi, Tupelo, United States of America
Mississippi, Vicksburg, United States of America
Mississippi, West Point, United States of America
Mississippi, Yazoo City, United States of America
Missouri, Boonville, United States of America
Missouri, Branson, United States of America
Missouri, Cape Girardeau, United States of America
Missouri, Carthage, United States of America
Missouri, Chillicothe, United States of America
Missouri, Clayton, United States of America
Missouri, Columbia, United States of America
Missouri, Excelsior Springs, United States of America
Missouri, Ferguson, United States of America
Missouri, Florissant, United States of America
Missouri, Fulton, United States of America
Missouri, Hannibal, United States of America
Missouri, Independence, United States of America
Missouri, Jefferson City, United States of America
Missouri, Joplin, United States of America
Missouri, Kansas City, United States of America
Missouri, Kirksville, United States of America
Missouri, Lamar, United States of America
Missouri, Lebanon, United States of America
Missouri, Lexington, United States of America
Missouri, Maryville, United States of America
Missouri, Mexico, United States of America
Missouri, Monett, United States of America
Missouri, Neosho, United States of America
Missouri, New Madrid, United States of America
Missouri, Rolla, United States of America
Missouri, Saint Charles, United States of America
Missouri, Saint Joseph, United States of America
Missouri, Saint Louis, United States of America
Missouri, Sainte Genevieve, United States of America
Missouri, Salem, United States of America
Missouri, Sedalia, United States of America
Missouri, Springfield, United States of America
Missouri, Warrensburg, United States of America
Missouri, West Plains, United States of America
Montana, Anaconda, United States of America
Montana, Billings, United States of America
Montana, Bozeman, United States of America
Montana, Butte, United States of America
Montana, Dillon, United States of America
Montana, Fort Benton, United States of America
Montana, Glendive, United States of America
Montana, Great Falls, United States of America
Montana, Havre, United States of America
Montana, Helena, United States of America
Montana, Kalispell, United States of America
Montana, Lewistown, United States of America
Montana, Livingston, United States of America
Montana, Miles City, United States of America
Montana, Missoula, United States of America
Montana, Virginia City, United States of America
Nebraska, Beatrice, United States of America
Nebraska, Bellevue, United States of America
Nebraska, Boys Town, United States of America
Nebraska, Chadron, United States of America
Nebraska, Columbus, United States of America
Nebraska, Fremont, United States of America
Nebraska, Grand Island, United States of America
Nebraska, Hastings, United States of America
Nebraska, Kearney, United States of America
Nebraska, Lincoln, United States of America
Nebraska, McCook, United States of America
Nebraska, Minden, United States of America
Nebraska, Nebraska City, United States of America
Nebraska, Norfolk, United States of America
Nebraska, North Platte, United States of America
Nebraska, Omaha, United States of America
Nebraska, Plattsmouth, United States of America
Nebraska, Red Cloud, United States of America
Nebraska, Sidney, United States of America
Nevada, Boulder City, United States of America
Nevada, Carson City, United States of America
Nevada, Elko, United States of America
Nevada, Ely, United States of America
Nevada, Fallon, United States of America
Nevada, Genoa, United States of America
Nevada, Goldfield, United States of America
Nevada, Henderson, United States of America
Nevada, Las Vegas, United States of America
Nevada, North Las Vegas, United States of America
Nevada, Reno, United States of America
Nevada, Sparks, United States of America
Nevada, Virginia City, United States of America
Nevada, Winnemucca, United States of America
New Hampshire, Berlin, United States of America
New Hampshire, Claremont, United States of America
New Hampshire, Concord, United States of America
New Hampshire, Derry, United States of America
New Hampshire, Dover, United States of America
New Hampshire, Durham, United States of America
New Hampshire, Exeter, United States of America
New Hampshire, Franklin, United States of America
New Hampshire, Hanover, United States of America
New Hampshire, Hillsborough, United States of America
New Hampshire, Keene, United States of America
New Hampshire, Laconia, United States of America
New Hampshire, Lebanon, United States of America
New Hampshire, Manchester, United States of America
New Hampshire, Nashua, United States of America
New Hampshire, Peterborough, United States of America
New Hampshire, Plymouth, United States of America
New Hampshire, Portsmouth, United States of America
New Hampshire, Rochester, United States of America
New Hampshire, Salem, United States of America
New Hampshire, Somersworth, United States of America
New Jersey, Asbury Park, United States of America
New Jersey, Atlantic City, United States of America
New Jersey, Bayonne, United States of America
New Jersey, Bloomfield, United States of America
New Jersey, Bordentown, United States of America
New Jersey, Bound Brook, United States of America
New Jersey, Bridgeton, United States of America
New Jersey, Burlington, United States of America
New Jersey, Caldwell, United States of America
New Jersey, Camden, United States of America
New Jersey, Cape May, United States of America
New Jersey, Clifton, United States of America
New Jersey, Cranford, United States of America
New Jersey, East Orange, United States of America
New Jersey, Edison, United States of America
New Jersey, Elizabeth, United States of America
New Jersey, Englewood, United States of America
New Jersey, Fort Lee, United States of America
New Jersey, Glassboro, United States of America
New Jersey, Hackensack, United States of America
New Jersey, Haddonfield, United States of America
New Jersey, Hoboken, United States of America
New Jersey, Irvington, United States of America
New Jersey, Jersey City, United States of America
New Jersey, Lakehurst, United States of America
New Jersey, Lakewood, United States of America
New Jersey, Long Beach, United States of America
New Jersey, Long Branch, United States of America
New Jersey, Madison, United States of America
New Jersey, Menlo Park, United States of America
New Jersey, Millburn, United States of America
New Jersey, Millville, United States of America
New Jersey, Montclair, United States of America
New Jersey, Morristown, United States of America
New Jersey, Mount Holly, United States of America
New Jersey, New Brunswick, United States of America
New Jersey, New Milford, United States of America
New Jersey, Newark, United States of America
New Jersey, Ocean City, United States of America
New Jersey, Orange, United States of America
New Jersey, Parsippany–Troy Hills, United States of America
New Jersey, Passaic, United States of America
New Jersey, Paterson, United States of America
New Jersey, Perth Amboy, United States of America
New Jersey, Plainfield, United States of America
New Jersey, Princeton, United States of America
New Jersey, Ridgewood, United States of America
New Jersey, Roselle, United States of America
New Jersey, Rutherford, United States of America
New Jersey, Salem, United States of America
New Jersey, Somerville, United States of America
New Jersey, South Orange Village, United States of America
New Jersey, Totowa, United States of America
New Jersey, Trenton, United States of America
New Jersey, Union, United States of America
New Jersey, Union City, United States of America
New Jersey, Vineland, United States of America
New Jersey, Wayne, United States of America
New Jersey, Weehawken, United States of America
New Jersey, West New York, United States of America
New Jersey, West Orange, United States of America
New Jersey, Willingboro, United States of America
New Jersey, Woodbridge, United States of America
New Mexico, Acoma, United States of America
New Mexico, Alamogordo, United States of America
New Mexico, Albuquerque, United States of America
New Mexico, Artesia, United States of America
New Mexico, Belen, United States of America
New Mexico, Carlsbad, United States of America
New Mexico, Clovis, United States of America
New Mexico, Deming, United States of America
New Mexico, Farmington, United States of America
New Mexico, Gallup, United States of America
New Mexico, Grants, United States of America
New Mexico, Hobbs, United States of America
New Mexico, Las Cruces, United States of America
New Mexico, Las Vegas, United States of America
New Mexico, Los Alamos, United States of America
New Mexico, Lovington, United States of America
New Mexico, Portales, United States of America
New Mexico, Raton, United States of America
New Mexico, Roswell, United States of America
New Mexico, Santa Fe, United States of America
New Mexico, Shiprock, United States of America
New Mexico, Silver City, United States of America
New Mexico, Socorro, United States of America
New Mexico, Taos, United States of America
New Mexico, Truth or Consequences, United States of America
New Mexico, Tucumcari, United States of America
New York, Albany, United States of America
New York, Amsterdam, United States of America
New York, Auburn, United States of America
New York, Babylon, United States of America
New York, Batavia, United States of America
New York, Beacon, United States of America
New York, Bedford, United States of America
New York, Binghamton, United States of America
New York, Bronx, United States of America
New York, Brooklyn, United States of America
New York, Buffalo, United States of America
New York, Chautauqua, United States of America
New York, Cheektowaga, United States of America
New York, Clinton, United States of America
New York, Cohoes, United States of America
New York, Coney Island, United States of America
New York, Cooperstown, United States of America
New York, Corning, United States of America
New York, Cortland, United States of America
New York, Crown Point, United States of America
New York, Dunkirk, United States of America
New York, East Aurora, United States of America
New York, East Hampton, United States of America
New York, Eastchester, United States of America
New York, Elmira, United States of America
New York, Flushing, United States of America
New York, Forest Hills, United States of America
New York, Fredonia, United States of America
New York, Garden City, United States of America
New York, Geneva, United States of America
New York, Glens Falls, United States of America
New York, Gloversville, United States of America
New York, Great Neck, United States of America
New York, Hammondsport, United States of America
New York, Harlem, United States of America
New York, Hempstead, United States of America
New York, Herkimer, United States of America
New York, Hudson, United States of America
New York, Huntington, United States of America
New York, Hyde Park, United States of America
New York, Ilion, United States of America
New York, Ithaca, United States of America
New York, Jamestown, United States of America
New York, Johnstown, United States of America
New York, Kingston, United States of America
New York, Lackawanna, United States of America
New York, Lake Placid, United States of America
New York, Levittown, United States of America
New York, Lockport, United States of America
New York, Mamaroneck, United States of America
New York, Manhattan, United States of America
New York, Massena, United States of America
New York, Middletown, United States of America
New York, Mineola, United States of America
New York, Mount Vernon, United States of America
New York, New Paltz, United States of America
New York, New Rochelle, United States of America
New York, New Windsor, United States of America
New York, New York City, United States of America
New York, Newburgh, United States of America
New York, Niagara Falls, United States of America
New York, North Hempstead, United States of America
New York, Nyack, United States of America
New York, Ogdensburg, United States of America
New York, Olean, United States of America
New York, Oneida, United States of America
New York, Oneonta, United States of America
New York, Ossining, United States of America
New York, Oswego, United States of America
New York, Oyster Bay, United States of America
New York, Palmyra, United States of America
New York, Peekskill, United States of America
New York, Plattsburgh, United States of America
New York, Port Washington, United States of America
New York, Potsdam, United States of America
New York, Poughkeepsie, United States of America
New York, Queens, United States of America
New York, Rensselaer, United States of America
New York, Rochester, United States of America
New York, Rome, United States of America
New York, Rotterdam, United States of America
New York, Rye, United States of America
New York, Sag Harbor, United States of America
New York, Saranac Lake, United States of America
New York, Saratoga Springs, United States of America
New York, Scarsdale, United States of America
New York, Schenectady, United States of America
New York, Seneca Falls, United States of America
New York, Southampton, United States of America
New York, Staten Island, United States of America
New York, Stony Brook, United States of America
New York, Stony Point, United States of America
New York, Syracuse, United States of America
New York, Tarrytown, United States of America
New York, Ticonderoga, United States of America
New York, Tonawanda, United States of America
New York, Troy, United States of America
New York, Utica, United States of America
New York, Watertown, United States of America
New York, Watervliet, United States of America
New York, Watkins Glen, United States of America
New York, West Seneca, United States of America
New York, White Plains, United States of America
New York, Woodstock, United States of America
New York, Yonkers, United States of America
North Carolina, Asheboro, United States of America
North Carolina, Asheville, United States of America
North Carolina, Bath, United States of America
North Carolina, Beaufort, United States of America
North Carolina, Boone, United States of America
North Carolina, Burlington, United States of America
North Carolina, Chapel Hill, United States of America
North Carolina, Charlotte, United States of America
North Carolina, Concord, United States of America
North Carolina, Durham, United States of America
North Carolina, Edenton, United States of America
North Carolina, Elizabeth City, United States of America
North Carolina, Fayetteville, United States of America
North Carolina, Gastonia, United States of America
North Carolina, Goldsboro, United States of America
North Carolina, Greensboro, United States of America
North Carolina, Greenville, United States of America
North Carolina, Halifax, United States of America
North Carolina, Henderson, United States of America
North Carolina, Hickory, United States of America
North Carolina, High Point, United States of America
North Carolina, Hillsborough, United States of America
North Carolina, Jacksonville, United States of America
North Carolina, Kinston, United States of America
North Carolina, Kitty Hawk, United States of America
North Carolina, Lumberton, United States of America
North Carolina, Morehead City, United States of America
North Carolina, Morganton, United States of America
North Carolina, Nags Head, United States of America
North Carolina, New Bern, United States of America
North Carolina, Pinehurst, United States of America
North Carolina, Raleigh, United States of America
North Carolina, Rocky Mount, United States of America
North Carolina, Salisbury, United States of America
North Carolina, Shelby, United States of America
North Carolina, Washington, United States of America
North Carolina, Wilmington, United States of America
North Carolina, Wilson, United States of America
North Carolina, Winston-Salem, United States of America
North Dakota, Bismarck, United States of America
North Dakota, Devils Lake, United States of America
North Dakota, Dickinson, United States of America
North Dakota, Fargo, United States of America
North Dakota, Grand Forks, United States of America
North Dakota, Jamestown, United States of America
North Dakota, Mandan, United States of America
North Dakota, Minot, United States of America
North Dakota, Rugby, United States of America
North Dakota, Valley City, United States of America
North Dakota, Wahpeton, United States of America
North Dakota, Williston, United States of America
Ohio, Akron, United States of America
Ohio, Alliance, United States of America
Ohio, Ashtabula, United States of America
Ohio, Athens, United States of America
Ohio, Barberton, United States of America
Ohio, Bedford, United States of America
Ohio, Bellefontaine, United States of America
Ohio, Bowling Green, United States of America
Ohio, Canton, United States of America
Ohio, Chillicothe, United States of America
Ohio, Cincinnati, United States of America
Ohio, Cleveland, United States of America
Ohio, Cleveland Heights, United States of America
Ohio, Columbus, United States of America
Ohio, Conneaut, United States of America
Ohio, Cuyahoga Falls, United States of America
Ohio, Dayton, United States of America
Ohio, Defiance, United States of America
Ohio, Delaware, United States of America
Ohio, East Cleveland, United States of America
Ohio, East Liverpool, United States of America
Ohio, Elyria, United States of America
Ohio, Euclid, United States of America
Ohio, Findlay, United States of America
Ohio, Gallipolis, United States of America
Ohio, Greenville, United States of America
Ohio, Hamilton, United States of America
Ohio, Kent, United States of America
Ohio, Kettering, United States of America
Ohio, Lakewood, United States of America
Ohio, Lancaster, United States of America
Ohio, Lima, United States of America
Ohio, Lorain, United States of America
Ohio, Mansfield, United States of America
Ohio, Marietta, United States of America
Ohio, Marion, United States of America
Ohio, Martins Ferry, United States of America
Ohio, Massillon, United States of America
Ohio, Mentor, United States of America
Ohio, Middletown, United States of America
Ohio, Milan, United States of America
Ohio, Mount Vernon, United States of America
Ohio, New Philadelphia, United States of America
Ohio, Newark, United States of America
Ohio, Niles, United States of America
Ohio, North College Hill, United States of America
Ohio, Norwalk, United States of America
Ohio, Oberlin, United States of America
Ohio, Painesville, United States of America
Ohio, Parma, United States of America
Ohio, Piqua, United States of America
Ohio, Portsmouth, United States of America
Ohio, Put-in-Bay, United States of America
Ohio, Salem, United States of America
Ohio, Sandusky, United States of America
Ohio, Shaker Heights, United States of America
Ohio, Springfield, United States of America
Ohio, Steubenville, United States of America
Ohio, Tiffin, United States of America
Ohio, Toledo, United States of America
Ohio, Urbana, United States of America
Ohio, Warren, United States of America
Ohio, Wooster, United States of America
Ohio, Worthington, United States of America
Ohio, Xenia, United States of America
Ohio, Yellow Springs, United States of America
Ohio, Youngstown, United States of America
Ohio, Zanesville, United States of America
Oklahoma, Ada, United States of America
Oklahoma, Altus, United States of America
Oklahoma, Alva, United States of America
Oklahoma, Anadarko, United States of America
Oklahoma, Ardmore, United States of America
Oklahoma, Bartlesville, United States of America
Oklahoma, Bethany, United States of America
Oklahoma, Chickasha, United States of America
Oklahoma, Claremore, United States of America
Oklahoma, Clinton, United States of America
Oklahoma, Cushing, United States of America
Oklahoma, Duncan, United States of America
Oklahoma, Durant, United States of America
Oklahoma, Edmond, United States of America
Oklahoma, El Reno, United States of America
Oklahoma, Elk City, United States of America
Oklahoma, Enid, United States of America
Oklahoma, Eufaula, United States of America
Oklahoma, Frederick, United States of America
Oklahoma, Guthrie, United States of America
Oklahoma, Guymon, United States of America
Oklahoma, Hobart, United States of America
Oklahoma, Holdenville, United States of America
Oklahoma, Hugo, United States of America
Oklahoma, Lawton, United States of America
Oklahoma, McAlester, United States of America
Oklahoma, Miami, United States of America
Oklahoma, Midwest City, United States of America
Oklahoma, Moore, United States of America
Oklahoma, Muskogee, United States of America
Oklahoma, Norman, United States of America
Oklahoma, Oklahoma City, United States of America
Oklahoma, Okmulgee, United States of America
Oklahoma, Pauls Valley, United States of America
Oklahoma, Pawhuska, United States of America
Oklahoma, Perry, United States of America
Oklahoma, Ponca City, United States of America
Oklahoma, Pryor, United States of America
Oklahoma, Sallisaw, United States of America
Oklahoma, Sand Springs, United States of America
Oklahoma, Sapulpa, United States of America
Oklahoma, Seminole, United States of America
Oklahoma, Shawnee, United States of America
Oklahoma, Stillwater, United States of America
Oklahoma, Tahlequah, United States of America
Oklahoma, The Village, United States of America
Oklahoma, Tulsa, United States of America
Oklahoma, Vinita, United States of America
Oklahoma, Wewoka, United States of America
Oklahoma, Woodward, United States of America
Oregon, Albany, United States of America
Oregon, Ashland, United States of America
Oregon, Astoria, United States of America
Oregon, Baker City, United States of America
Oregon, Beaverton, United States of America
Oregon, Bend, United States of America
Oregon, Brookings, United States of America
Oregon, Burns, United States of America
Oregon, Coos Bay, United States of America
Oregon, Corvallis, United States of America
Oregon, Eugene, United States of America
Oregon, Grants Pass, United States of America
Oregon, Hillsboro, United States of America
Oregon, Hood River, United States of America
Oregon, Jacksonville, United States of America
Oregon, John Day, United States of America
Oregon, Klamath Falls, United States of America
Oregon, La Grande, United States of America
Oregon, Lake Oswego, United States of America
Oregon, Lakeview, United States of America
Oregon, McMinnville, United States of America
Oregon, Medford, United States of America
Oregon, Newberg, United States of America
Oregon, Newport, United States of America
Oregon, Ontario, United States of America
Oregon, Oregon City, United States of America
Oregon, Pendleton, United States of America
Oregon, Port Orford, United States of America
Oregon, Portland, United States of America
Oregon, Prineville, United States of America
Oregon, Redmond, United States of America
Oregon, Reedsport, United States of America
Oregon, Roseburg, United States of America
Oregon, Salem, United States of America
Oregon, Seaside, United States of America
Oregon, Springfield, United States of America
Oregon, The Dalles, United States of America
Oregon, Tillamook, United States of America
Pennsylvania, Abington, United States of America
Pennsylvania, Aliquippa, United States of America
Pennsylvania, Allentown, United States of America
Pennsylvania, Altoona, United States of America
Pennsylvania, Ambridge, United States of America
Pennsylvania, Bedford, United States of America
Pennsylvania, Bethlehem, United States of America
Pennsylvania, Bloomsburg, United States of America
Pennsylvania, Bradford, United States of America
Pennsylvania, Bristol, United States of America
Pennsylvania, Carbondale, United States of America
Pennsylvania, Carlisle, United States of America
Pennsylvania, Chambersburg, United States of America
Pennsylvania, Chester, United States of America
Pennsylvania, Columbia, United States of America
Pennsylvania, Easton, United States of America
Pennsylvania, Erie, United States of America
Pennsylvania, Franklin, United States of America
Pennsylvania, Germantown, United States of America
Pennsylvania, Gettysburg, United States of America
Pennsylvania, Greensburg, United States of America
Pennsylvania, Hanover, United States of America
Pennsylvania, Harmony, United States of America
Pennsylvania, Harrisburg, United States of America
Pennsylvania, Hazleton, United States of America
Pennsylvania, Hershey, United States of America
Pennsylvania, Homestead, United States of America
Pennsylvania, Honesdale, United States of America
Pennsylvania, Indiana, United States of America
Pennsylvania, Jeannette, United States of America
Pennsylvania, Jim Thorpe, United States of America
Pennsylvania, Johnstown, United States of America
Pennsylvania, Lancaster, United States of America
Pennsylvania, Lebanon, United States of America
Pennsylvania, Levittown, United States of America
Pennsylvania, Lewistown, United States of America
Pennsylvania, Lock Haven, United States of America
Pennsylvania, Lower Southampton, United States of America
Pennsylvania, McKeesport, United States of America
Pennsylvania, Meadville, United States of America
Pennsylvania, Middletown, United States of America
Pennsylvania, Monroeville, United States of America
Pennsylvania, Nanticoke, United States of America
Pennsylvania, New Castle, United States of America
Pennsylvania, New Hope, United States of America
Pennsylvania, New Kensington, United States of America
Pennsylvania, Norristown, United States of America
Pennsylvania, Oil City, United States of America
Pennsylvania, Philadelphia, United States of America
Pennsylvania, Phoenixville, United States of America
Pennsylvania, Pittsburgh, United States of America
Pennsylvania, Pottstown, United States of America
Pennsylvania, Pottsville, United States of America
Pennsylvania, Reading, United States of America
Pennsylvania, Scranton, United States of America
Pennsylvania, Shamokin, United States of America
Pennsylvania, Sharon, United States of America
Pennsylvania, State College, United States of America
Pennsylvania, Stroudsburg, United States of America
Pennsylvania, Sunbury, United States of America
Pennsylvania, Swarthmore, United States of America
Pennsylvania, Tamaqua, United States of America
Pennsylvania, Titusville, United States of America
Pennsylvania, Uniontown, United States of America
Pennsylvania, Warren, United States of America
Pennsylvania, Washington, United States of America
Pennsylvania, West Chester, United States of America
Pennsylvania, Wilkes-Barre, United States of America
Pennsylvania, Williamsport, United States of America
Pennsylvania, York, United States of America
Rhode Island, Barrington, United States of America
Rhode Island, Bristol, United States of America
Rhode Island, Central Falls, United States of America
Rhode Island, Cranston, United States of America
Rhode Island, East Greenwich, United States of America
Rhode Island, East Providence, United States of America
Rhode Island, Kingston, United States of America
Rhode Island, Middletown, United States of America
Rhode Island, Narragansett, United States of America
Rhode Island, Newport, United States of America
Rhode Island, North Kingstown, United States of America
Rhode Island, Pawtucket, United States of America
Rhode Island, Portsmouth, United States of America
Rhode Island, Providence, United States of America
Rhode Island, South Kingstown, United States of America
Rhode Island, Tiverton, United States of America
Rhode Island, Warren, United States of America
Rhode Island, Warwick, United States of America
Rhode Island, Westerly, United States of America
Rhode Island, Wickford, United States of America
Rhode Island, Woonsocket, United States of America
South Carolina, Abbeville, United States of America
South Carolina, Aiken, United States of America
South Carolina, Anderson, United States of America
South Carolina, Beaufort, United States of America
South Carolina, Camden, United States of America
South Carolina, Charleston, United States of America
South Carolina, Columbia, United States of America
South Carolina, Darlington, United States of America
South Carolina, Florence, United States of America
South Carolina, Gaffney, United States of America
South Carolina, Georgetown, United States of America
South Carolina, Greenville, United States of America
South Carolina, Greenwood, United States of America
South Carolina, Hartsville, United States of America
South Carolina, Lancaster, United States of America
South Carolina, Mount Pleasant, United States of America
South Carolina, Myrtle Beach, United States of America
South Carolina, Orangeburg, United States of America
South Carolina, Rock Hill, United States of America
South Carolina, Spartanburg, United States of America
South Carolina, Sumter, United States of America
South Carolina, Union, United States of America
South Dakota, Aberdeen, United States of America
South Dakota, Belle Fourche, United States of America
South Dakota, Brookings, United States of America
South Dakota, Canton, United States of America
South Dakota, Custer, United States of America
South Dakota, De Smet, United States of America
South Dakota, Deadwood, United States of America
South Dakota, Hot Springs, United States of America
South Dakota, Huron, United States of America
South Dakota, Lead, United States of America
South Dakota, Madison, United States of America
South Dakota, Milbank, United States of America
South Dakota, Mitchell, United States of America
South Dakota, Mobridge, United States of America
South Dakota, Pierre, United States of America
South Dakota, Rapid City, United States of America
South Dakota, Sioux Falls, United States of America
South Dakota, Spearfish, United States of America
South Dakota, Sturgis, United States of America
South Dakota, Vermillion, United States of America
South Dakota, Watertown, United States of America
South Dakota, Yankton, United States of America
Tennessee, Alcoa, United States of America
Tennessee, Athens, United States of America
Tennessee, Chattanooga, United States of America
Tennessee, Clarksville, United States of America
Tennessee, Cleveland, United States of America
Tennessee, Columbia, United States of America
Tennessee, Cookeville, United States of America
Tennessee, Dayton, United States of America
Tennessee, Elizabethton, United States of America
Tennessee, Franklin, United States of America
Tennessee, Gallatin, United States of America
Tennessee, Gatlinburg, United States of America
Tennessee, Greeneville, United States of America
Tennessee, Jackson, United States of America
Tennessee, Johnson City, United States of America
Tennessee, Jonesborough, United States of America
Tennessee, Kingsport, United States of America
Tennessee, Knoxville, United States of America
Tennessee, Lebanon, United States of America
Tennessee, Maryville, United States of America
Tennessee, Memphis, United States of America
Tennessee, Morristown, United States of America
Tennessee, Murfreesboro, United States of America
Tennessee, Nashville, United States of America
Tennessee, Norris, United States of America
Tennessee, Oak Ridge, United States of America
Tennessee, Shelbyville, United States of America
Tennessee, Tullahoma, United States of America
Texas, Abilene, United States of America
Texas, Alpine, United States of America
Texas, Amarillo, United States of America
Texas, Arlington, United States of America
Texas, Austin, United States of America
Texas, Baytown, United States of America
Texas, Beaumont, United States of America
Texas, Big Spring, United States of America
Texas, Borger, United States of America
Texas, Brownsville, United States of America
Texas, Bryan, United States of America
Texas, Canyon, United States of America
Texas, Cleburne, United States of America
Texas, College Station, United States of America
Texas, Corpus Christi, United States of America
Texas, Crystal City, United States of America
Texas, Dallas, United States of America
Texas, Del Rio, United States of America
Texas, Denison, United States of America
Texas, Denton, United States of America
Texas, Eagle Pass, United States of America
Texas, Edinburg, United States of America
Texas, El Paso, United States of America
Texas, Fort Worth, United States of America
Texas, Freeport, United States of America
Texas, Galveston, United States of America
Texas, Garland, United States of America
Texas, Goliad, United States of America
Texas, Greenville, United States of America
Texas, Harlingen, United States of America
Texas, Houston, United States of America
Texas, Huntsville, United States of America
Texas, Irving, United States of America
Texas, Johnson City, United States of America
Texas, Kilgore, United States of America
Texas, Killeen, United States of America
Texas, Kingsville, United States of America
Texas, Laredo, United States of America
Texas, Longview, United States of America
Texas, Lubbock, United States of America
Texas, Lufkin, United States of America
Texas, Marshall, United States of America
Texas, McAllen, United States of America
Texas, McKinney, United States of America
Texas, Mesquite, United States of America
Texas, Midland, United States of America
Texas, Mission, United States of America
Texas, Nacogdoches, United States of America
Texas, New Braunfels, United States of America
Texas, Odessa, United States of America
Texas, Orange, United States of America
Texas, Pampa, United States of America
Texas, Paris, United States of America
Texas, Pasadena, United States of America
Texas, Pecos, United States of America
Texas, Pharr, United States of America
Texas, Plainview, United States of America
Texas, Plano, United States of America
Texas, Port Arthur, United States of America
Texas, Port Lavaca, United States of America
Texas, Richardson, United States of America
Texas, San Angelo, United States of America
Texas, San Antonio, United States of America
Texas, San Felipe, United States of America
Texas, San Marcos, United States of America
Texas, Sherman, United States of America
Texas, Sweetwater, United States of America
Texas, Temple, United States of America
Texas, Texarkana, United States of America
Texas, Texas City, United States of America
Texas, Tyler, United States of America
Texas, Uvalde, United States of America
Texas, Victoria, United States of America
Texas, Waco, United States of America
Texas, Weatherford, United States of America
Texas, Wichita Falls, United States of America
Texas, Ysleta, United States of America
Utah, Alta, United States of America
Utah, American Fork, United States of America
Utah, Bountiful, United States of America
Utah, Brigham City, United States of America
Utah, Cedar City, United States of America
Utah, Clearfield, United States of America
Utah, Delta, United States of America
Utah, Fillmore, United States of America
Utah, Green River, United States of America
Utah, Heber City, United States of America
Utah, Kanab, United States of America
Utah, Layton, United States of America
Utah, Lehi, United States of America
Utah, Logan, United States of America
Utah, Manti, United States of America
Utah, Moab, United States of America
Utah, Monticello, United States of America
Utah, Murray, United States of America
Utah, Nephi, United States of America
Utah, Ogden, United States of America
Utah, Orderville, United States of America
Utah, Orem, United States of America
Utah, Panguitch, United States of America
Utah, Park City, United States of America
Utah, Payson, United States of America
Utah, Price, United States of America
Utah, Provo, United States of America
Utah, Saint George, United States of America
Utah, Salt Lake City, United States of America
Utah, Spanish Fork, United States of America
Utah, Springville, United States of America
Utah, Tooele, United States of America
Utah, Vernal, United States of America
Vermont, Barre, United States of America
Vermont, Bellows Falls, United States of America
Vermont, Bennington, United States of America
Vermont, Brattleboro, United States of America
Vermont, Burlington, United States of America
Vermont, Essex, United States of America
Vermont, Manchester, United States of America
Vermont, Middlebury, United States of America
Vermont, Montpelier, United States of America
Vermont, Newport, United States of America
Vermont, Plymouth, United States of America
Vermont, Rutland, United States of America
Vermont, Saint Albans, United States of America
Vermont, Saint Johnsbury, United States of America
Vermont, Sharon, United States of America
Vermont, Winooski, United States of America
Virginia, Abingdon, United States of America
Virginia, Alexandria, United States of America
Virginia, Bristol, United States of America
Virginia, Charlottesville, United States of America
Virginia, Chesapeake, United States of America
Virginia, Danville, United States of America
Virginia, Fairfax, United States of America
Virginia, Falls Church, United States of America
Virginia, Fredericksburg, United States of America
Virginia, Hampton, United States of America
Virginia, Hanover, United States of America
Virginia, Hopewell, United States of America
Virginia, Lexington, United States of America
Virginia, Lynchburg, United States of America
Virginia, Manassas, United States of America
Virginia, Martinsville, United States of America
Virginia, New Market, United States of America
Virginia, Newport News, United States of America
Virginia, Norfolk, United States of America
Virginia, Petersburg, United States of America
Virginia, Portsmouth, United States of America
Virginia, Reston, United States of America
Virginia, Richmond, United States of America
Virginia, Roanoke, United States of America
Virginia, Staunton, United States of America
Virginia, Suffolk, United States of America
Virginia, Virginia Beach, United States of America
Virginia, Waynesboro, United States of America
Virginia, Williamsburg, United States of America
Virginia, Winchester, United States of America
Washington, Aberdeen, United States of America
Washington, Anacortes, United States of America
Washington, Auburn, United States of America
Washington, Bellevue, United States of America
Washington, Bellingham, United States of America
Washington, Bremerton, United States of America
Washington, Centralia, United States of America
Washington, Coulee Dam, United States of America
Washington, Coupeville, United States of America
Washington, Ellensburg, United States of America
Washington, Ephrata, United States of America
Washington, Everett, United States of America
Washington, Hoquiam, United States of America
Washington, Kelso, United States of America
Washington, Kennewick, United States of America
Washington, Longview, United States of America
Washington, Moses Lake, United States of America
Washington, Oak Harbor, United States of America
Washington, Olympia, United States of America
Washington, Pasco, United States of America
Washington, Point Roberts, United States of America
Washington, Port Angeles, United States of America
Washington, Pullman, United States of America
Washington, Puyallup, United States of America
Washington, Redmond, United States of America
Washington, Renton, United States of America
Washington, Richland, United States of America
Washington, Seattle, United States of America
Washington, Spokane, United States of America
Washington, Tacoma, United States of America
Washington, Vancouver, United States of America
Washington, Walla Walla, United States of America
Washington, Wenatchee, United States of America
Washington, Yakima, United States of America
West Virginia, Bath, United States of America
West Virginia, Beckley, United States of America
West Virginia, Bluefield, United States of America
West Virginia, Buckhannon, United States of America
West Virginia, Charles Town, United States of America
West Virginia, Charleston, United States of America
West Virginia, Clarksburg, United States of America
West Virginia, Elkins, United States of America
West Virginia, Fairmont, United States of America
West Virginia, Grafton, United States of America
West Virginia, Harpers Ferry, United States of America
West Virginia, Hillsboro, United States of America
West Virginia, Hinton, United States of America
West Virginia, Huntington, United States of America
West Virginia, Keyser, United States of America
West Virginia, Lewisburg, United States of America
West Virginia, Logan, United States of America
West Virginia, Martinsburg, United States of America
West Virginia, Morgantown, United States of America
West Virginia, Moundsville, United States of America
West Virginia, New Martinsville, United States of America
West Virginia, Parkersburg, United States of America
West Virginia, Philippi, United States of America
West Virginia, Point Pleasant, United States of America
West Virginia, Princeton, United States of America
West Virginia, Romney, United States of America
West Virginia, Shepherdstown, United States of America
West Virginia, South Charleston, United States of America
West Virginia, Summersville, United States of America
West Virginia, Weirton, United States of America
West Virginia, Welch, United States of America
West Virginia, Wellsburg, United States of America
West Virginia, Weston, United States of America
West Virginia, Wheeling, United States of America
West Virginia, White Sulphur Springs, United States of America
West Virginia, Williamson, United States of America
Wisconsin, Appleton, United States of America
Wisconsin, Ashland, United States of America
Wisconsin, Baraboo, United States of America
Wisconsin, Belmont, United States of America
Wisconsin, Beloit, United States of America
Wisconsin, Eau Claire, United States of America
Wisconsin, Fond du Lac, United States of America
Wisconsin, Green Bay, United States of America
Wisconsin, Hayward, United States of America
Wisconsin, Janesville, United States of America
Wisconsin, Kenosha, United States of America
Wisconsin, La Crosse, United States of America
Wisconsin, Lake Geneva, United States of America
Wisconsin, Madison, United States of America
Wisconsin, Manitowoc, United States of America
Wisconsin, Marinette, United States of America
Wisconsin, Menasha, United States of America
Wisconsin, Milwaukee, United States of America
Wisconsin, Neenah, United States of America
Wisconsin, New Glarus, United States of America
Wisconsin, Oconto, United States of America
Wisconsin, Oshkosh, United States of America
Wisconsin, Peshtigo, United States of America
Wisconsin, Portage, United States of America
Wisconsin, Prairie du Chien, United States of America
Wisconsin, Racine, United States of America
Wisconsin, Rhinelander, United States of America
Wisconsin, Ripon, United States of America
Wisconsin, Sheboygan, United States of America
Wisconsin, Spring Green, United States of America
Wisconsin, Stevens Point, United States of America
Wisconsin, Sturgeon Bay, United States of America
Wisconsin, Superior, United States of America
Wisconsin, Waukesha, United States of America
Wisconsin, Wausau, United States of America
Wisconsin, Wauwatosa, United States of America
Wisconsin, West Allis, United States of America
Wisconsin, West Bend, United States of America
Wisconsin, Wisconsin Dells, United States of America
Wyoming, Buffalo, United States of America
Wyoming, Casper, United States of America
Wyoming, Cheyenne, United States of America
Wyoming, Cody, United States of America
Wyoming, Douglas, United States of America
Wyoming, Evanston, United States of America
Wyoming, Gillette, United States of America
Wyoming, Green River, United States of America
Wyoming, Jackson, United States of America
Wyoming, Lander, United States of America
Wyoming, Laramie, United States of America
Wyoming, Newcastle, United States of America
Wyoming, Powell, United States of America
Wyoming, Rawlins, United States of America
Wyoming, Riverton, United States of America
Wyoming, Rock Springs, United States of America
Wyoming, Sheridan, United States of America
Wyoming, Ten Sleep, United States of America
Wyoming, Thermopolis, United States of America
Wyoming, Torrington, United States of America
Wyoming, Worland, United States of America
